{
    "now": "2024-10-29T16:51:23.193Z",
    "perfNow": 9877811.199999988,
    "diagnosticCorrelation": "7668bd79-3a1e-416b-bf09-e46cd0f14728",
    "source": "DownloadSupportFiles",
    "environment": {
        "productName": "adf",
        "buildVersion": "1.0.101424.2",
        "environmentType": 3,
        "resourceName": "Tauqir-Datafactory",
        "resourceRegion": "centralindia",
        "resourceGroup": "Tauqir_TCS_Practice",
        "subscriptionId": "55b0ca85-180a-4830-a1b7-9f13c102054c",
        "sessionId": "Kacw5C3vhzNtyHdh822JSZ",
        "operationId": "",
        "gitType": "live",
        "loggingKey": "51d30d33-2c3d-4194-afc4-66b6a88270e5"
    },
    "additionalInfo": {
        "selectedResource": "get file name dynamically",
        "selectedResourceType": "pipeline"
    }
}