{
    "name": "Incemental_copy_Acitivity",
    "properties": {
        "description": "use case :- when we are reciving  files in the Storage account, based on the last modified date we will be moving the file to another storage account ",
        "activities": [
            {
                "name": "incremental_load",
                "type": "Copy",
                "dependsOn": [],
                "policy": {
                    "timeout": "0.12:00:00",
                    "retry": 0,
                    "retryIntervalInSeconds": 30,
                    "secureOutput": false,
                    "secureInput": false
                },
                "userProperties": [],
                "typeProperties": {
                    "source": {
                        "type": "DelimitedTextSource",
                        "storeSettings": {
                            "type": "AzureBlobStorageReadSettings",
                            "recursive": true,
                            "modifiedDatetimeStart": {
                                "value": "@adddays(utcnow(),-2)",
                                "type": "Expression"
                            },
                            "modifiedDatetimeEnd": {
                                "value": "@utcNow()",
                                "type": "Expression"
                            },
                            "wildcardFileName": "*.csv",
                            "enablePartitionDiscovery": false
                        },
                        "formatSettings": {
                            "type": "DelimitedTextReadSettings"
                        }
                    },
                    "sink": {
                        "type": "DelimitedTextSink",
                        "storeSettings": {
                            "type": "AzureBlobFSWriteSettings"
                        },
                        "formatSettings": {
                            "type": "DelimitedTextWriteSettings",
                            "quoteAllText": true,
                            "fileExtension": ".txt"
                        }
                    },
                    "enableStaging": false,
                    "translator": {
                        "type": "TabularTranslator",
                        "typeConversion": true,
                        "typeConversionSettings": {
                            "allowDataTruncation": true,
                            "treatBooleanAsNumber": false
                        }
                    }
                },
                "inputs": [
                    {
                        "referenceName": "Ds_input",
                        "type": "DatasetReference"
                    }
                ],
                "outputs": [
                    {
                        "referenceName": "ds_output",
                        "type": "DatasetReference"
                    }
                ]
            }
        ],
        "annotations": []
    }
}