{
    "name": "DS_blobinput2",
    "properties": {
        "linkedServiceName": {
            "referenceName": "ls_blobinput2",
            "type": "LinkedServiceReference"
        },
        "parameters": {
            "filename": {
                "type": "string"
            }
        },
        "annotations": [],
        "type": "DelimitedText",
        "typeProperties": {
            "location": {
                "type": "AzureBlobStorageLocation",
                "fileName": {
                    "value": "@dataset().filename",
                    "type": "Expression"
                },
                "container": "input"
            },
            "columnDelimiter": ",",
            "escapeChar": "\\",
            "firstRowAsHeader": false,
            "quoteChar": "\""
        },
        "schema": []
    }
}